{
  "project_info": {
    "project_number": "149043614701",
    "project_id": "appbtl-51878",
    "storage_bucket": "appbtl-51878.firebasestorage.app"
  },
  "client": [
    {
      "client_info": {
        "mobilesdk_app_id": "1:149043614701:android:9e9556db757b84f8fc0de4",
        "android_client_info": {
          "package_name": "com.example.appbtl"
        }
      },
      "oauth_client": [],
      "api_key": [
        {
          "current_key": "AIzaSyCsb20nPTcMtkq5QSZ9qFfYjFgpZYsBQ7U"
        }
      ],
      "services": {
        "appinvite_service": {
          "other_platform_oauth_client": []
        }
      }
    }
  ],
  "configuration_version": "1"
}